epoch,train_time,train_loss,test_loss,train_acc,val/test acc
1,0.017004966735839844,1.1454823,0.33333337,0.30833334,0.5
2,0.013995170593261719,1.1257098,0.33333337,0.30833334,0.5
3,0.012998580932617188,1.1011733,0.33333337,0.41666666,0.8
4,0.012003183364868164,1.0683664,0.33333334,0.45000005,0.5
5,0.01099538803100586,1.0362738,0.33333334,0.51666665,0.5
