epoch,train_time,train_loss,test_loss,train_acc,val/test acc
1,0.004040956497192383,1.1750144,0.33333334,0.41666666,0.0
2,0.0033507347106933594,1.1177621,0.3333333,0.41666666,0.0
3,0.002624034881591797,1.069439,0.33333334,0.56666666,0.0
4,0.004118204116821289,1.0369651,0.3333333,0.41666666,0.0
5,0.002485990524291992,1.0116268,0.33333334,0.56666666,0.0
