epoch,train_time,train_loss,test_loss,train_acc,val/test acc
1,0.14095544815063477,1.1255153,0.3333333,0.41666666,0.0
2,0.005998134613037109,1.1150221,0.3333333,0.41666666,0.0
3,0.0032563209533691406,1.109984,0.33333334,0.41666666,0.0
4,0.007999658584594727,1.1049303,0.33333334,0.41666666,0.0
5,0.0032563209533691406,1.1001096,0.33333334,0.41666666,0.0
