epoch,train_time,train_loss,test_loss,train_acc,val/test acc
1,0.1408095359802246,1.1645803,0.33333334,0.24166667,1.0
2,0.012160539627075195,1.0391597,0.33333334,0.5833333,0.0
3,0.009981632232666016,0.9753006,0.33333334,0.7666667,0.0
4,0.0070018768310546875,0.94158715,0.33333334,0.7916667,0.0
5,0.008037567138671875,0.9136459,0.33333337,0.825,0.0
6,0.00599980354309082,0.8864482,0.33333334,0.8333333,0.0
7,0.010000467300415039,0.8618457,0.3333333,0.8333333,0.0
