epoch,train_time,train_loss,test_loss,train_acc,val/test acc
1,0.004272937774658203,1.1574194,0.3333333,0.41666666,0.0
2,0.0021550655364990234,1.1526977,0.33333334,0.41666666,0.0
3,0.002357006072998047,1.1484755,0.3333333,0.41666666,0.0
4,0.003209352493286133,1.1431547,0.33333334,0.41666666,0.0
5,0.0023031234741210938,1.1326793,0.33333334,0.41666666,0.0
