epoch,train_time,train_loss,test_loss,train_acc,val/test acc
1,0.015995264053344727,1.1108264,0.33333334,0.125,0.3
2,0.010000228881835938,1.0998527,0.33333334,0.32500002,0.4
3,0.013041019439697266,1.0918455,0.3333333,0.35000002,0.5
4,0.01099538803100586,1.0848992,0.33333337,0.36666667,0.3
5,0.013000965118408203,1.0784909,0.33333334,0.3333333,0.3
