epoch,train_time,train_loss,test_loss,train_acc,val/test acc
1,0.02835702896118164,1.199505,0.33333334,0.32500002,0.0
2,0.0059969425201416016,1.1152687,0.33333337,0.41666666,0.0
3,0.0070345401763916016,1.0927621,0.33333337,0.41666666,0.0
4,0.0060443878173828125,1.0849,0.3333333,0.41666666,0.0
5,0.0060443878173828125,1.0799812,0.33333334,0.41666666,0.0
