epoch,train_time,train_loss,test_loss,train_acc,val/test acc
1,0.030997753143310547,0.9784535,0.33333334,0.565625,0.77500004
2,0.04300260543823242,0.7389447,0.33333334,0.8125,0.77500004
3,0.041994333267211914,0.7389447,0.33333334,0.8125,0.77500004
4,0.04399991035461426,0.7389447,0.33333334,0.8125,0.77500004
5,0.04003429412841797,0.7389447,0.33333334,0.8125,0.77500004
6,0.03796267509460449,0.7389447,0.33333334,0.8125,0.77500004
7,0.05099987983703613,0.7389447,0.33333334,0.8125,0.77500004
8,0.03799700736999512,0.7389447,0.33333334,0.8125,0.77500004
9,0.04700136184692383,0.7389447,0.33333334,0.8125,0.77500004
