epoch,train_time,train_loss,test_loss,train_acc,val/test acc
1,0.014934539794921875,1.1639978,0.3333334,0.41666666,0.0
2,0.0076901912689208984,1.1375079,0.33333334,0.41666666,0.0
3,0.009474992752075195,1.1232113,0.33333334,0.41666666,0.0
4,0.007426738739013672,1.1084051,0.33333337,0.41666666,0.0
5,0.006789445877075195,1.0902375,0.33333334,0.41666666,0.0
