epoch,train_time,train_loss,test_loss,train_acc,val/test acc
1,0.00999903678894043,1.0688096,0.33333334,0.475,0.0
2,0.009001731872558594,1.0337278,0.33333334,0.5833333,0.0
3,0.008993864059448242,0.9988604,0.33333334,0.6333333,0.0
4,0.009998321533203125,0.97043616,0.33333334,0.7,0.0
5,0.011002063751220703,0.93689567,0.33333337,0.7916667,0.0
