epoch,train_time,train_loss,test_loss
1,2.2739500999450684,74.718956,1.7812186
2,2.027834892272949,0.8861442,1.7812457
3,2.1084370613098145,0.8861145,1.7812546
4,2.0989959239959717,0.8861062,1.7812579
5,2.078324317932129,0.8861025,1.7812599
6,2.1991031169891357,0.8861005,1.7812612
7,2.0621285438537598,0.8860967,1.7812624
8,2.1534409523010254,0.8860971,1.7812634
9,2.0978634357452393,0.8860936,1.7812605
10,2.02925443649292,0.886093,1.7812568
