epoch,train_time,train_loss,test_loss,train_acc,val/test acc
1,0.031000137329101562,1.3687711,0.33333334,0.17812501,0.22500001
2,0.02700495719909668,1.3639448,0.33333334,0.1875,0.22500001
3,0.028001785278320312,1.3639448,0.33333334,0.1875,0.22500001
4,0.02797102928161621,1.3639448,0.33333334,0.1875,0.22500001
5,0.03699994087219238,1.3639448,0.33333334,0.1875,0.22500001
6,0.04150509834289551,1.3639448,0.33333334,0.1875,0.22500001
7,0.04350543022155762,1.3639448,0.33333334,0.1875,0.22500001
