epoch,train_time,train_loss,test_loss,train_acc,val/test acc
1,0.005983591079711914,1.2623256,0.33333334,0.16666667,1.0
2,0.006980419158935547,1.1906992,0.33333337,0.16666667,1.0
3,0.006981611251831055,1.1377257,0.33333334,0.083333336,0.85
4,0.004987001419067383,1.1072582,0.33333334,0.4,0.0
5,0.006981849670410156,1.0861578,0.33333334,0.5,0.0
