epoch,train_time,train_loss,test_loss,train_acc,val/test acc
1,0.025942325592041016,1.1127168,0.33333334,0.41666666,0.0
2,0.025280237197875977,1.0932817,0.33333337,0.41666666,0.0
3,0.023694276809692383,1.0786397,0.33333334,0.41666666,0.0
4,0.025399208068847656,1.0667708,0.33333337,0.41666666,0.0
5,0.030263662338256836,1.0566095,0.3333333,0.41666666,0.0
