epoch,train_time,train_loss,test_loss,train_acc,val/test acc
1,0.003651142120361328,1.2497478,0.3333333,0.16666667,1.0
2,0.002583742141723633,1.2045686,0.33333334,0.16666667,1.0
3,0.0020449161529541016,1.1727086,0.33333334,0.16666667,1.0
4,0.002086162567138672,1.1473279,0.3333333,0.16666667,1.0
5,0.0032529830932617188,1.1236802,0.3333333,0.16666667,1.0
