epoch,train_time,train_loss,test_loss,train_acc,val/test acc
1,0.007907867431640625,1.1236045,0.33333334,0.41666666,0.0
2,0.005850076675415039,1.1179785,0.33333334,0.41666666,0.0
3,0.00606846809387207,1.1122488,0.33333334,0.41666666,0.0
4,0.009717702865600586,1.1062244,0.33333337,0.41666666,0.0
5,0.007315397262573242,1.0998194,0.33333334,0.41666666,0.0
