epoch,train_time,train_loss,test_loss,train_acc,val/test acc
1,0.005506753921508789,1.1016334,0.33333334,0.41666666,0.4
2,0.003422975540161133,1.0863038,0.33333334,0.41666666,1.0
3,0.002720355987548828,1.0763019,0.33333334,0.42499998,1.0
4,0.003219127655029297,1.0653253,0.33333334,0.51666665,1.0
5,0.0028836727142333984,1.0529897,0.33333334,0.56666666,1.0
