epoch,train_time,train_loss,test_loss,train_acc,val/test acc
1,0.02909088134765625,1.363937,0.33333334,0.1875,0.22500001
2,0.03219771385192871,1.3639319,0.33333334,0.1875,0.22500001
3,0.027225017547607422,1.3639059,0.33333334,0.1875,0.22500001
4,0.02902960777282715,1.3736904,0.33333334,0.17500001,0.22500001
5,0.024926185607910156,1.3639448,0.33333334,0.1875,0.22500001
6,0.027051687240600586,1.3639448,0.33333334,0.1875,0.22500001
7,0.03499865531921387,1.3639448,0.33333334,0.1875,0.22500001
8,0.031167030334472656,1.3639448,0.33333334,0.1875,0.22500001
