epoch,train_time,train_loss,test_loss,train_acc,val/test acc
1,0.0839991569519043,0.9126607,0.33333334,0.63750005,0.77500004
2,0.07751893997192383,0.7389447,0.33333334,0.8125,0.77500004
3,0.07999897003173828,0.7389447,0.33333334,0.8125,0.77500004
4,0.09299993515014648,0.7389447,0.33333334,0.8125,0.77500004
5,0.06899523735046387,0.7389447,0.33333334,0.8125,0.77500004
6,0.06400036811828613,0.7389447,0.33333334,0.8125,0.77500004
7,0.04999685287475586,0.7389447,0.33333334,0.8125,0.77500004
