epoch,train_time,train_loss,test_loss,train_acc,val/test acc
1,0.003935813903808594,1.1205391,0.33333334,0.33333334,0.4
2,0.002279043197631836,1.1107436,0.33333334,0.33333334,0.4
3,0.0027000904083251953,1.0998744,0.33333334,0.33333334,0.4
4,0.0029630661010742188,1.0874327,0.33333337,0.4666667,0.7
5,0.002310037612915039,1.072466,0.33333334,0.6666667,0.7
