epoch,train_time,train_loss,test_loss,train_acc,val/test acc
1,0.03300118446350098,1.36393,0.33333334,0.1875,0.22500001
2,0.03499865531921387,1.3638644,0.33333334,0.1875,0.22500001
3,0.03800058364868164,0.8114818,0.33333334,0.7375,0.77500004
4,0.027132749557495117,0.7389447,0.33333334,0.8125,0.77500004
5,0.0351107120513916,0.7389447,0.33333334,0.8125,0.77500004
6,0.03400254249572754,0.7389447,0.33333334,0.8125,0.77500004
