epoch,train_time,train_loss,test_loss,train_acc,val/test acc
1,0.0041544437408447266,1.1494297,0.33333334,0.41666666,0.0
2,0.003189563751220703,1.140846,0.33333334,0.41666666,0.0
3,0.004263162612915039,1.1280565,0.33333337,0.41666666,0.0
4,0.002946138381958008,1.1027336,0.33333334,0.41666666,0.0
5,0.0050334930419921875,1.0666417,0.33333334,0.41666666,0.0
