epoch,train_time,train_loss,test_loss,train_acc,val/test acc
1,0.0048980712890625,1.0971287,0.3333333,0.41666666,0.0
2,0.003742218017578125,1.071406,0.33333334,0.41666666,0.0
3,0.0030477046966552734,1.0548563,0.33333334,0.41666666,0.0
4,0.0031006336212158203,1.0414519,0.33333334,0.41666666,0.0
5,0.0030863285064697266,1.0287796,0.33333334,0.41666666,0.0
