epoch,train_time,train_loss,test_loss,train_acc,val/test acc
1,0.0060024261474609375,1.116964,0.33333337,0.41666666,0.0
2,0.009995222091674805,1.102222,0.33333334,0.41666666,0.0
3,0.015000104904174805,1.0894332,0.33333334,0.41666666,0.0
4,0.007996797561645508,1.076543,0.33333337,0.41666666,0.0
5,0.008037328720092773,1.0635251,0.3333333,0.41666666,0.0
6,0.008959770202636719,1.0505191,0.33333334,0.41666666,0.0
7,0.009002208709716797,1.0369916,0.33333334,0.41666666,0.0
8,0.009001016616821289,1.0229355,0.3333333,0.4416667,0.0
9,0.007998228073120117,1.0088998,0.33333334,0.55,0.0
