epoch,train_time,train_loss,test_loss,train_acc,val/test acc
1,0.011999368667602539,1.1080238,0.049999997,0.97499996,0.9
2,0.007941484451293945,1.1072093,0.050000004,0.97499996,0.9
3,0.010996103286743164,1.1063875,0.05,0.97499996,0.9
4,0.011033058166503906,1.1055584,0.050000004,0.97499996,0.9
5,0.01000070571899414,1.1047221,0.05,0.97499996,0.9
