epoch,train_time,train_loss,test_loss,train_acc,val/test acc
1,0.008809804916381836,1.0552884,0.33333337,0.41666666,1.0
2,0.005728721618652344,1.0309107,0.3333333,0.41666666,1.0
3,0.005884647369384766,1.0126776,0.33333334,0.49166667,1.0
4,0.0037202835083007812,0.9915057,0.33333337,0.575,1.0
5,0.0036416053771972656,0.96769863,0.33333334,0.6166667,0.5
