epoch,train_time,train_loss,test_loss,train_acc,val/test acc
1,0.04400634765625,1.1539851,0.33333337,0.41666666,0.0
2,0.006000995635986328,1.1373739,0.3333333,0.41666666,0.0
3,0.005997419357299805,1.1327162,0.33333334,0.41666666,0.0
4,0.00936269760131836,1.1300149,0.3333333,0.41666666,0.0
5,0.00499725341796875,1.127707,0.33333337,0.41666666,0.0
6,0.0060002803802490234,1.1252553,0.33333337,0.41666666,0.0
7,0.011997699737548828,1.1223006,0.33333334,0.41666666,0.0
8,0.007000446319580078,1.1184049,0.33333334,0.41666666,0.0
