epoch,train_time,train_loss,test_loss,train_acc,val/test acc
1,0.016025543212890625,1.1272211,0.33333334,0.41666666,0.0
2,0.0169980525970459,1.0958687,0.33333328,0.41666666,0.0
3,0.014001131057739258,1.0640975,0.3333333,0.5,0.0
4,0.01300048828125,1.0260324,0.3333333,0.59999996,0.0
5,0.015032529830932617,0.98744744,0.33333334,0.675,0.0
