epoch,train time,train_loss,test_loss,train_acc,val/test acc
1,0.013999223709106445,1.0975993,0.050000004,1.25,0.0
2,0.015001058578491211,1.0975769,0.050000004,1.25,0.0
3,0.011999368667602539,1.0975544,0.05,1.25,0.0
4,0.017002105712890625,1.0975319,0.049999993,1.25,0.0
5,0.009998798370361328,1.09751,0.05,1.25,0.0
