epoch,train_time,train_loss,test_loss,train_acc,val/test acc
1,0.11822938919067383,1.162752,0.33333337,0.41666666,0.0
2,0.020097732543945312,1.1410286,0.33333334,0.41666666,0.0
3,0.017729520797729492,1.1181358,0.3333334,0.41666666,0.0
4,0.021722793579101562,1.094672,0.33333334,0.26666668,0.0
5,0.024577856063842773,1.0724624,0.33333334,0.41666666,0.0
