epoch,train_time,train_loss,test_loss,train_acc,val/test acc
1,0.02846813201904297,1.124042,0.33333337,0.29999998,0.3
2,0.0027000904083251953,1.110248,0.3333333,0.28333333,0.3
3,0.004441976547241211,1.0987359,0.3333333,0.28333333,0.25
4,0.002357959747314453,1.0882298,0.33333334,0.3333333,0.3
5,0.0024979114532470703,1.0781708,0.33333334,0.3333333,0.3
