epoch,train_time,train_loss,test_loss
1,2.457963466644287,13.211861,2.1104717
2,5.0990002155303955,1.342197,2.1104717
3,5.234050035476685,1.342197,2.1104717
4,3.579833507537842,1.342197,2.1104717
5,3.159982919692993,1.342197,2.1104717
