epoch,train_time,train_loss,test_loss,train_acc,val/test acc
1,0.12999773025512695,1.1657158,0.3333333,0.35833335,0.0
2,0.011999845504760742,1.1318134,0.33333334,0.41666666,0.0
3,0.014996528625488281,1.1005926,0.33333334,0.41666666,0.0
4,0.017003536224365234,1.0720206,0.33333337,0.41666666,0.15
5,0.01599884033203125,1.0447341,0.33333334,0.41666666,0.05
