epoch,train_time,train_loss,test_loss,train_acc,val/test acc
1,0.00801229476928711,1.0222186,0.33333334,0.6666667,0.6
2,0.010997295379638672,1.0011438,0.33333334,0.6666667,0.6
3,0.010994434356689453,0.98167783,0.3333333,0.6666667,0.6
4,0.010001897811889648,0.9639969,0.33333334,0.6666667,0.6
5,0.009999752044677734,0.94722503,0.33333337,0.6666667,0.6
