epoch,train_time,train_loss,test_loss,train_acc,val/test acc
1,0.007000446319580078,1.1826805,0.33333334,0.008333334,0.0
2,0.004996299743652344,1.1304955,0.33333334,0.22500001,0.0
3,0.006000041961669922,1.096414,0.33333337,0.475,0.0
4,0.00504302978515625,1.0705365,0.3333333,0.41666666,0.0
5,0.005997657775878906,1.0535897,0.33333334,0.42499998,0.0
6,0.006994962692260742,1.0403165,0.3333333,0.48333335,0.0
7,0.005998849868774414,1.0266593,0.3333333,0.53333336,0.0
8,0.005998849868774414,1.0118605,0.33333334,0.56666666,0.0
