epoch,train_time,train_loss,test_loss,train_acc,val/test acc
1,0.005163431167602539,1.1662649,0.33333334,0.41666666,0.0
2,0.004916191101074219,1.1538773,0.33333334,0.41666666,0.0
3,0.00956273078918457,1.1458777,0.33333334,0.41666666,0.0
4,0.006025075912475586,1.1388546,0.33333337,0.41666666,0.0
5,0.005414724349975586,1.1298689,0.33333334,0.41666666,0.0
