epoch,train_time,train_loss,test_loss,train_acc,val/test acc
1,0.021348953247070312,1.1552396,0.33333334,0.3333333,0.3
2,0.006447792053222656,1.1378981,0.33333334,0.3333333,0.3
3,0.0026721954345703125,1.1256171,0.3333333,0.3333333,0.3
4,0.0026328563690185547,1.1141859,0.33333334,0.3333333,0.3
5,0.002537965774536133,1.1028043,0.33333334,0.3333333,0.3
