epoch,train time,train_loss,test_loss,train_acc,val/test acc
1,0.010997772216796875,1.0979452,0.050000004,1.25,0.0
2,0.01006007194519043,1.0979304,0.049999997,1.25,0.0
3,0.009998798370361328,1.0979159,0.05000001,1.25,0.0
4,0.011001348495483398,1.0979012,0.050000004,1.25,0.0
5,0.006000041961669922,1.0978866,0.05,1.25,0.0
