epoch,train_time,train_loss,test_loss
1,9.413283109664917,1.6565225,1.8033324
2,9.057796239852905,0.88768315,1.8015307
3,6.566085577011108,0.8877738,1.7994226
4,7.234074354171753,0.88789773,1.7989348
5,6.557709693908691,0.88783705,1.7840272
