epoch,train_time,train_loss,test_loss,train_acc,val/test acc
1,0.010038375854492188,1.0351144,0.33333334,0.45000002,0.0
2,0.010033607482910156,0.99168473,0.33333337,0.55833334,0.0
3,0.009000301361083984,0.97779924,0.33333337,0.5833333,0.0
4,0.009032487869262695,0.9564219,0.33333334,0.65000004,0.0
5,0.010001420974731445,0.92954546,0.33333334,0.65833336,0.0
