epoch,train_time,train_loss,test_loss,train_acc,val/test acc
1,0.005999326705932617,1.1465931,0.33333334,0.275,1.0
2,0.006998538970947266,1.0612267,0.33333334,0.41666666,1.0
3,0.006047248840332031,1.0267591,0.33333337,0.41666666,1.0
4,0.007956266403198242,1.0001589,0.33333337,0.4333333,1.0
5,0.00500178337097168,0.9743388,0.3333333,0.41666666,0.9
6,0.006996870040893555,0.9519534,0.33333334,0.49166667,0.65
7,0.007001161575317383,0.93175167,0.33333334,0.6166667,0.45
8,0.007999658584594727,0.9136014,0.3333333,0.67499995,0.0
9,0.009999752044677734,0.8963773,0.3333333,0.76666665,0.0
