epoch,train time,train_loss,test_loss,train_acc,val/test acc
1,0.010996580123901367,1.0985984,0.049999997,1.25,0.0
2,0.005001068115234375,1.0985789,0.05,1.25,0.0
3,0.007040977478027344,1.0985595,0.049999997,1.25,0.0
4,0.005965471267700195,1.0985402,0.05,1.25,0.0
5,0.005999565124511719,1.0985208,0.05,1.25,0.0
