epoch,train_time,train_loss,test_loss,train_acc,val/test acc
1,0.0028638839721679688,1.1296482,0.33333334,0.30833334,0.3
2,0.010651111602783203,1.0842209,0.3333333,0.375,0.3
3,0.0027971267700195312,1.0614908,0.3333333,0.5166667,0.6
4,0.0033881664276123047,1.0405337,0.3333333,0.65000004,0.6
5,0.002251863479614258,1.0230646,0.33333337,0.6666667,0.6
