epoch,train_time,train_loss,test_loss,train_acc,val/test acc
1,0.11999988555908203,1.0561568,0.33333337,0.36666667,0.2
2,0.02200627326965332,1.0408801,0.33333334,0.36666667,0.2
3,0.01599287986755371,1.027686,0.33333334,0.36666667,0.25
4,0.019001483917236328,1.0145253,0.33333334,0.475,0.5
5,0.014994621276855469,1.0009366,0.33333334,0.6833334,0.5
