epoch,train_time,train_loss,test_loss,train_acc,val/test acc
1,0.05565285682678223,1.1859504,0.33333328,0.25,0.0
2,0.009480476379394531,1.1620711,0.33333337,0.25,0.0
3,0.009116172790527344,1.1366667,0.33333334,0.25,0.0
4,0.011597394943237305,1.1099511,0.33333337,0.29166666,0.0
5,0.009687662124633789,1.0794739,0.33333334,0.41666666,0.0
