epoch,train_time,train_loss,test_loss,train_acc,val/test acc
1,0.006031036376953125,1.1873779,-0.1741566,0.38333333,0.7
2,0.006004810333251953,0.91350466,-0.29165328,0.5,0.55
3,0.004996538162231445,0.82668465,-0.3816548,0.64166665,0.55
4,0.007001638412475586,0.7429934,-0.4450475,0.70000005,0.55
5,0.005002021789550781,0.67367727,-0.48259363,0.7083333,0.65
