epoch,train_time,train_loss,test_loss,train_acc,val/test acc
1,0.005626201629638672,1.1199851,0.33333334,0.41666666,0.0
2,0.004189014434814453,1.0682583,0.3333333,0.5833333,0.0
3,0.0030629634857177734,1.0403328,0.33333334,0.49166667,0.0
4,0.0029566287994384766,1.0283436,0.33333334,0.41666666,0.0
5,0.003011465072631836,1.0209488,0.33333334,0.41666666,0.0
