epoch,train time,train_loss,test_loss,train_acc,val/test acc
1,0.17853975296020508,1.0946808,0.049999997,1.25,0.0
2,0.008998632431030273,1.0946616,0.050000004,1.25,0.0
3,0.01104426383972168,1.0946425,0.05000001,1.25,0.0
4,0.007000446319580078,1.0946234,0.05,1.25,0.0
5,0.007002353668212891,1.0946044,0.05,1.25,0.0
