epoch,train_time,train_loss,test_loss,train_acc,val/test acc
1,0.005357265472412109,1.0856961,0.3333334,0.5,0.0
2,0.0054988861083984375,1.0551242,0.33333337,0.45000002,0.0
3,0.0036728382110595703,1.0390573,0.33333334,0.6166667,0.0
4,0.003210783004760742,1.0270852,0.3333333,0.64166665,0.0
5,0.0031566619873046875,1.0153457,0.33333334,0.625,0.0
