epoch,train time,train_loss,test_loss,train_acc,val/test acc
1,0.0870523452758789,1.0979248,0.049999993,1.25,0.0
2,0.006044149398803711,1.0978955,0.05,1.25,0.0
3,0.005039215087890625,1.0978659,0.049999997,1.25,0.0
4,0.005964756011962891,1.0978366,0.050000004,1.25,0.0
5,0.008997917175292969,1.0978072,0.05,1.25,0.0
