epoch,train_time,train_loss,test_loss,train_acc,val/test acc
1,0.005933046340942383,1.2456142,0.33333334,0.20833333,1.0
2,0.0028710365295410156,1.1783663,0.33333334,0.25,1.0
3,0.0031609535217285156,1.129499,0.33333334,0.26666668,1.0
4,0.0025930404663085938,1.0963887,0.33333334,0.5,1.0
5,0.004014015197753906,1.0715227,0.33333334,0.5833333,1.0
