epoch,train_time,train_loss,test_loss,train_acc,val/test acc
1,0.005781888961791992,1.1446664,0.3333333,0.41666666,0.0
2,0.003602743148803711,1.1195675,0.33333334,0.41666666,0.0
3,0.00333404541015625,1.1017009,0.3333333,0.41666666,0.0
4,0.004385232925415039,1.084329,0.33333334,0.41666666,0.0
5,0.003736734390258789,1.0670024,0.33333334,0.41666666,0.0
