epoch,train_time,train_loss,test_loss,train_acc,val/test acc
1,0.003993034362792969,1.2951348,0.33333334,0.0,1.0
2,0.0026102066040039062,1.1749159,0.3333333,0.33333334,0.0
3,0.003075122833251953,1.1274577,0.33333334,0.41666666,0.0
4,0.002702951431274414,1.1147107,0.33333337,0.41666666,0.0
5,0.003255128860473633,1.1068004,0.33333334,0.41666666,0.0
