epoch,train_time,train_loss,test_loss,train_acc,val/test acc
1,0.008877754211425781,46.82448,5.959336,0.0025,0.0
2,0.006203889846801758,45.999004,0.14558582,0.0025,0.0
3,0.005504131317138672,45.92489,1.5912114,0.0025,0.0
4,0.005118846893310547,45.303234,8.218086,0.0025,0.0
5,0.005121946334838867,44.206768,2.280837,0.0025,0.0
