epoch,train_time,train_loss,test_loss
1,0.0044100284576416016,1.1280392,0.33333337
2,0.0020122528076171875,1.1168069,0.33333334
3,0.0035228729248046875,1.1066332,0.33333334
4,0.0023450851440429688,1.0971574,0.33333334
5,0.002009868621826172,1.0885907,0.33333334
