epoch,train_time,train_loss,test_loss,train_acc,val/test acc
1,0.0031647682189941406,1.1285287,0.33333334,0.29166666,0.3
2,0.002112150192260742,1.0960068,0.33333337,0.3333333,0.3
3,0.003178119659423828,1.0821364,0.33333334,0.3333333,0.3
4,0.0021131038665771484,1.068724,0.33333334,0.3333333,0.3
5,0.002536296844482422,1.054143,0.33333334,0.46666667,0.6
