epoch,train_time,train_loss,test_loss,train_acc,val/test acc
1,0.006370067596435547,1.0934672,0.3333333,0.18333334,0.25
2,0.0042798519134521484,1.0840524,0.3333334,0.325,0.3
3,0.005007028579711914,1.0751806,0.33333337,0.3333333,0.3
4,0.024944782257080078,1.0652748,0.33333334,0.4083333,0.4
5,0.003615140914916992,1.0550113,0.33333334,0.5833333,0.6
