epoch,train_time,train_loss,test_loss,train_acc,val/test acc
1,0.0059986114501953125,1.0413523,0.33333334,0.90000004,1.0
2,0.00802755355834961,1.0187589,0.33333334,0.84166664,0.55
3,0.0060291290283203125,0.9947057,0.33333334,0.70000005,0.5
4,0.0060040950775146484,0.97001195,0.33333337,0.69166666,0.5
5,0.006000041961669922,0.94753236,0.33333334,0.69166666,0.5
6,0.007001638412475586,0.9276503,0.33333337,0.69166666,0.5
7,0.009994983673095703,0.9097566,0.33333337,0.69166666,0.5
8,0.00600433349609375,0.8940668,0.33333334,0.69166666,0.5
