epoch,train_time,train_loss,test_loss,train_acc,val/test acc
1,0.021999120712280273,1.100213,0.05,1.25,0.0
2,0.021233797073364258,1.1002008,0.05000001,1.25,0.0
3,0.02199864387512207,1.1001886,0.05,1.25,0.0
4,0.024000883102416992,1.1001763,0.05,1.25,0.0
5,0.0209958553314209,1.1001643,0.05,1.25,0.0
