epoch,train_time,train_loss,test_loss,train_acc,val/test acc
1,0.0077667236328125,1.0534226,0.33333334,0.5833333,0.0
2,0.0,1.0217141,0.33333334,0.60833335,0.0
3,0.008194208145141602,0.98979074,0.3333333,0.77500004,0.0
4,0.007838249206542969,0.9585994,0.33333334,0.8333333,0.0
5,0.0064640045166015625,0.92879295,0.33333337,0.8333333,0.0
