epoch,train_time,train_loss,test_loss,train_acc,val/test acc
1,0.0030679702758789062,1.0767944,0.33333334,0.3333333,0.3
2,0.0044252872467041016,1.0649213,0.33333334,0.3333333,0.3
3,0.002131223678588867,1.0492718,0.33333337,0.35833332,0.35
4,0.004130125045776367,1.0314896,0.33333334,0.56666666,0.6
5,0.011866092681884766,1.0139183,0.33333337,0.6666667,0.6
