epoch,train_time,train_loss,test_loss,train_acc,val/test acc
1,0.006578922271728516,1.0959553,0.3333333,0.41666666,0.0
2,0.003731966018676758,1.0886275,0.33333334,0.41666666,0.0
3,0.0034618377685546875,1.0836772,0.33333334,0.41666666,0.0
4,0.003278493881225586,1.0782932,0.33333334,0.49166667,0.0
5,0.003187417984008789,1.0720508,0.3333333,0.5,0.0
