epoch,train_time,train_loss,test_loss,train_acc,val/test acc
1,0.004064798355102539,1.1979166,0.33333334,0.083333336,0.85
2,0.0032472610473632812,1.1473497,0.33333328,0.25,0.0
3,0.0031669139862060547,1.1130667,0.33333334,0.41666666,0.0
4,0.00310516357421875,1.0897804,0.3333333,0.25,0.0
5,0.0041961669921875,1.0752234,0.33333337,0.4416667,0.0
