epoch,train_time,train_loss,test_loss,train_acc,val/test acc
1,0.011999130249023438,1.0541543,0.33333334,0.6166667,0.0
2,0.008999109268188477,0.9905049,0.33333334,0.7916667,0.0
3,0.009000062942504883,0.94770163,0.33333328,0.825,0.0
4,0.006999492645263672,0.91175336,0.33333334,0.8333333,0.0
5,0.009002923965454102,0.87971085,0.3333334,0.8333333,0.0
