epoch,train_time,train_loss,test_loss,train_acc,val/test acc
1,0.016164779663085938,1.0904989,0.33333334,0.33333334,0.3
2,0.0032739639282226562,1.0627784,0.33333334,0.5,0.6
3,0.0022652149200439453,1.0447652,0.33333328,0.65833336,0.6
4,0.00959324836730957,1.0254896,0.33333337,0.6666667,0.6
5,0.0022401809692382812,1.0099822,0.33333334,0.6666667,0.6
