epoch,train_time,train_loss,test_loss,train_acc,val/test acc
1,0.005258083343505859,1.0911746,0.33333334,0.25,0.0
2,0.008367776870727539,1.0626839,0.33333334,0.41666666,0.0
3,0.006735324859619141,1.0361704,0.33333334,0.41666666,0.0
4,0.010069608688354492,1.0113641,0.33333334,0.56666666,0.0
5,0.010495185852050781,0.9878674,0.33333334,0.65833336,0.0
