epoch,train_time,train_loss,test_loss,train_acc,val/test acc
1,0.02037334442138672,1.1289136,0.33333334,0.25,0.0
2,0.02535843849182129,1.1105324,0.33333334,0.25,0.0
3,0.0335850715637207,1.0984359,0.3333333,0.25,0.0
4,0.021181821823120117,1.0870483,0.33333337,0.25,0.0
5,0.023540973663330078,1.0749626,0.33333334,0.25,0.0
6,0.02499675750732422,1.0612675,0.33333334,0.32500002,0.0
7,0.02300262451171875,1.0454121,0.33333334,0.475,0.0
8,0.023000001907348633,1.0271257,0.33333334,0.51666665,0.0
