epoch,train time,train_loss,test_loss,train_acc,val/test acc
1,0.09099650382995605,1.0989352,0.05000001,1.25,0.0
2,0.007002353668212891,1.0989219,0.05,1.25,0.0
3,0.006000041961669922,1.0989085,0.050000004,1.25,0.0
4,0.010000944137573242,1.098895,0.050000004,1.25,0.0
5,0.005993843078613281,1.0988814,0.050000004,1.25,0.0
